-, Rank, Country, Human Development Index (HDI)  (value), Life expectancy at birth (years) SDG3, Expected years of schooling (years) SDG 4.3, Mean years of schooling (years) SDG 4.6, Gross national income (GNI) per capita (PPP $) SDG 8.5,
no,1, Norway,0.954,82.3,18.1,12.6,68059,
ch,2, Switzerland,0.946,83.6,16.2,13.4,59375,
ie,3, Ireland,0.942,82.1,18.8,12.5,55660,
de,4, Germany,0.939,81.2,17.1,14.1,46946,
hk,4, Hong Kong, China (SAR),0.939,84.7,16.5,12,60221
au,6, Australia,0.938,83.3,22.1,12.7,44097,
is,6, Iceland,0.938,82.9,19.2,12.5,47566,
se,8, Sweden,0.937,82.7,18.8,12.4,47955,
sg,9, Singapore,0.935,83.5,16.3,11.5,83793,
nl,10, Netherlands,0.933,82.1,18,12.2,50013,
dk,11, Denmark,0.93,80.8,19.1,12.6,48836,
fi,12, Finland,0.925,81.7,19.3,12.4,41779,
ca,13, Canada,0.922,82.3,16.1,13.3,43602,
nz,14, New Zealand,0.921,82.1,18.8,12.7,35108,
gb,15, United Kingdom,0.92,81.2,17.4,13,39507,
us,15, United States,0.92,78.9,16.3,13.4,56140,
be,17, Belgium,0.919,81.5,19.7,11.8,43821,
li,18, Liechtenstein,0.917,80.5,14.7,12.5,99732,
jp,19, Japan,0.915,84.5,15.2,12.8,40799,
at,20, Austria,0.914,81.4,16.3,12.6,46231,
lu,21, Luxembourg,0.909,82.1,14.2,12.2,65543,
il,22, Israel,0.906,82.8,16,13,33650,
kr,22, Korea (Republic of),0.906,82.8,16.4,12.2,36757,
si,24, Slovenia,0.902,81.2,17.4,12.3,32143,
es,25, Spain,0.893,83.4,17.9,9.8,35041,
cz,26, Czechia,0.891,79.2,16.8,12.7,31597,
fr,26, France,0.891,82.5,15.5,11.4,40511,
mt,28, Malta,0.885,82.4,15.9,11.3,34795,
it,29, Italy,0.883,83.4,16.2,10.2,36141,
ee,30, Estonia,0.882,78.6,16.1,13,30379,
cy,31, Cyprus,0.873,80.8,14.7,12.1,33100,
gr,32, Greece,0.872,82.1,17.3,10.5,24909,
pl,32, Poland,0.872,78.5,16.4,12.3,27626,
lt,34, Lithuania,0.869,75.7,16.5,13,29775,
ae,35, United Arab Emirates,0.866,77.8,13.6,11,66912,
ad,36, Andorra,0.857,81.8,13.3,10.2,48641,
sa,36, Saudi Arabia,0.857,75,17,9.7,49338,
sk,36, Slovakia,0.857,77.4,14.5,12.6,30672,
lv,39, Latvia,0.854,75.2,16,12.8,26301,
pt,40, Portugal,0.85,81.9,16.3,9.2,27935,
qa,41, Qatar,0.848,80.1,12.2,9.7,110489,
cl,42, Chile,0.847,80,16.5,10.4,21972,
bn,43, Brunei Darussalam,0.845,75.7,14.4,9.1,76389,
hu,43, Hungary,0.845,76.7,15.1,11.9,27144,
bh,45, Bahrain,0.838,77.2,15.3,9.4,40399,
hr,46, Croatia,0.837,78.3,15,11.4,23061,
om,47, Oman,0.834,77.6,14.7,9.7,37039,
ar,48, Argentina,0.83,76.5,17.6,10.6,17611,
ru,49, Russian Federation,0.824,72.4,15.5,12,25036,
by,50, Belarus,0.817,74.6,15.4,12.3,17039,
kz,50, Kazakhstan,0.817,73.2,15.3,11.8,22168,
bg,52, Bulgaria,0.816,74.9,14.8,11.8,19646,
me,52, Montenegro,0.816,76.8,15,11.4,17511,
ro,52, Romania,0.816,75.9,14.3,11,23906,
pw,55, Palau,0.814,73.7,15.6,12.4,16720,
bb,56, Barbados,0.813,79.1,15.2,10.6,15912,
kw,57, Kuwait,0.808,75.4,13.8,7.3,71164,
uy,57, Uruguay,0.808,77.8,16.3,8.7,19435,
tr,59, Turkey,0.806,77.4,16.4,7.7,24905,
bs,60, Bahamas,0.805,73.8,12.8,11.5,28395,
my,61, Malaysia,0.804,76,13.5,10.2,27227,
sc,62, Seychelles,0.801,73.3,15.5,9.7,25077,
rs,63, Serbia,0.799,75.8,14.8,11.2,15218,
tt,63, Trinidad and Tobago,0.799,73.4,13,11,28497,
ir,65, Iran (Islamic Republic of),0.797,76.5,14.7,10,18166,
mu,66, Mauritius,0.796,74.9,15,9.4,22724,
pa,67, Panama,0.795,78.3,12.9,10.2,20455,
cr,68, Costa Rica,0.794,80.1,15.4,8.7,14790,
al,69, Albania,0.791,78.5,15.2,10.1,12300,
ge,70, Georgia,0.786,73.6,15.4,12.8,9570,
lk,71, Sri Lanka,0.78,76.8,14,11.1,11611,
cu,72, Cuba,0.778,78.7,14.4,11.8,7811,
kn,73, Saint Kitts and Nevis,0.777,74.6,13.6,8.5,26770,
ag,74, Antigua and Barbuda,0.776,76.9,12.5,9.3,22201,
ba,75, Bosnia and Herzegovina,0.769,77.3,13.8,9.7,12690,
mx,76, Mexico,0.767,75,14.3,8.6,17628,
th,77, Thailand,0.765,76.9,14.7,7.7,16129,
gd,78, Grenada,0.763,72.4,16.6,8.8,12684,
br,79, Brazil,0.761,75.7,15.4,7.8,14068,
co,79, Colombia,0.761,77.1,14.6,8.3,12896,
am,81, Armenia,0.76,74.9,13.2,11.8,9277,
dz,82, Algeria,0.759,76.7,14.7,8,13639,
mk,82, North Macedonia,0.759,75.7,13.5,9.7,12874,
pe,82, Peru,0.759,76.5,13.8,9.2,12323,
cn,85, China,0.758,76.7,13.9,7.9,16127,
ec,85, Ecuador,0.758,76.8,14.9,9,10141,
az,87, Azerbaijan,0.754,72.9,12.4,10.5,15240,
ua,88, Ukraine,0.75,72,15.1,11.3,7994,
do,89, Dominican Republic,0.745,73.9,14.1,7.9,15074,
lc,89, Saint Lucia,0.745,76.1,13.9,8.5,11528,
tn,91, Tunisia,0.739,76.5,15.1,7.2,10677,
mn,92, Mongolia,0.735,69.7,14.2,10.2,10784,
lb,93, Lebanon,0.73,78.9,11.3,8.7,11136,
bw,94, Botswana,0.728,69.3,12.7,9.3,15951,
vc,94, Saint Vincent and the Grenadines,0.728,72.4,13.6,8.6,11746,
jm,96, Jamaica,0.726,74.4,13.1,9.8,7932,
ve,96, Venezuela (Bolivarian Republic of),0.726,72.1,12.8,10.3,9070,
dm,98, Dominica,0.724,78.1,13,7.8,9245,
fj,98, Fiji,0.724,67.3,14.4,10.9,9110,
py,98, Paraguay,0.724,74.1,12.7,8.5,11720,
sr,98, Suriname,0.724,71.6,12.9,9.1,11933,
jo,102, Jordan,0.723,74.4,11.9,10.5,8268,
bz,103, Belize,0.72,74.5,13.1,9.8,7136,
mv,104, Maldives,0.719,78.6,12.1,6.8,12549,
to,105, Tonga,0.717,70.8,14.3,11.2,5783,
ph,106, Philippines,0.712,71.1,12.7,9.4,9540,
md,107, Moldova (Republic of),0.711,71.8,11.6,11.6,6833,
tm,108, Turkmenistan,0.71,68.1,10.9,9.8,16407,
uz,108, Uzbekistan,0.71,71.6,12,11.5,6462,
ly,110, Libya,0.708,72.7,12.8,7.6,11685,
id,111, Indonesia,0.707,71.5,12.9,8,11256,
ws,111, Samoa,0.707,73.2,12.5,10.6,5885,
za,113, South Africa,0.705,63.9,13.7,10.2,11756,
bo,114, Bolivia (Plurinational State of),0.703,71.2,14,9,6849,
ga,115, Gabon,0.702,66.2,12.9,8.3,15794,
eg,116, Egypt,0.7,71.8,13.1,7.3,10744,
mh,117, Marshall Islands,0.698,73.9,12.4,10.9,4633,
vn,118, Viet Nam,0.693,75.3,12.7,8.2,6220,
ps,119, Palestine, State of,0.69,73.9,12.8,9.1,5314
iq,120, Iraq,0.689,70.5,11.1,7.3,15365,
ma,121, Morocco,0.676,76.5,13.1,5.5,7480,
kg,122, Kyrgyzstan,0.674,71.3,13.4,10.9,3317,
gy,123, Guyana,0.67,69.8,11.5,8.5,7615,
sv,124, El Salvador,0.667,73.1,12,6.9,6973,
tj,125, Tajikistan,0.656,70.9,11.4,10.7,3482,
cv,126, Cabo Verde,0.651,72.8,11.9,6.2,6513,
gt,126, Guatemala,0.651,74.1,10.6,6.5,7378,
ni,126, Nicaragua,0.651,74.3,12.2,6.8,4790,
in,129, India,0.647,69.4,12.3,6.5,6829,
na,130, Namibia,0.645,63.4,12.6,6.9,9683,
tl,131, Timor-Leste,0.626,69.3,12.4,4.5,7527,
hn,132, Honduras,0.623,75.1,10.2,6.6,4258,
ki,132, Kiribati,0.623,68.1,11.8,7.9,3917,
bt,134, Bhutan,0.617,71.5,12.1,3.1,8609,
bd,135, Bangladesh,0.614,72.3,11.2,6.1,4057,
fm,135, Micronesia (Federated States of),0.614,67.8,11.5,7.7,3700,
st,137, Sao Tome and Principe,0.609,70.2,12.7,6.4,3024,
cg,138, Congo,0.608,64.3,11.6,6.5,5804,
sz,138, Eswatini (Kingdom of),0.608,59.4,11.4,6.7,9359,
la,140, "Lao Peoples Democratic Republic",0.604,67.6,11.1,5.2,6317,
vu,141, Vanuatu,0.597,70.3,11.4,6.8,2808,
gh,142, Ghana,0.596,63.8,11.5,7.2,4099,
zm,143, Zambia,0.591,63.5,12.1,7.1,3582,
gq,144, Equatorial Guinea,0.588,58.4,9.2,5.6,17796,
mm,145, Myanmar,0.584,66.9,10.3,5,5764,
kh,146, Cambodia,0.581,69.6,11.3,4.8,3597,
ke,147, Kenya,0.579,66.3,11.1,6.6,3052,
np,147, Nepal,0.579,70.5,12.2,4.9,2748,
ao,149, Angola,0.574,60.8,11.8,5.1,5555,
cm,150, Cameroon,0.563,58.9,12.7,6.3,3291,
zw,150, Zimbabwe,0.563,61.2,10.5,8.3,2661,
pk,152, Pakistan,0.56,67.1,8.5,5.2,5190,
sb,153, Solomon Islands,0.557,72.8,10.2,5.5,2027,
sy,154, Syrian Arab Republic,0.549,71.8,8.9,5.1,2725,
pg,155, Papua New Guinea,0.543,64.3,10,4.6,3686,
km,156, Comoros,0.538,64.1,11.2,4.9,2426,
rw,157, Rwanda,0.536,68.7,11.2,4.4,1959,
ng,158, Nigeria,0.534,54.3,9.7,6.5,5086,
tz,159, Tanzania (United Republic of),0.528,65,8,6,2805,
ug,159, Uganda,0.528,63,11.2,6.1,1752,
mr,161, Mauritania,0.527,64.7,8.5,4.6,3746,
mg,162, Madagascar,0.521,66.7,10.4,6.1,1404,
bj,163, Benin,0.52,61.5,12.6,3.8,2135,
ls,164, Lesotho,0.518,53.7,10.7,6.3,3244,
ci,165, "CÃ´te dIvoire",0.516,57.4,9.6,5.2,3589,
sn,166, Senegal,0.514,67.7,9,3.1,3256,
tg,167, Togo,0.513,60.8,12.6,4.9,1593,
sd,168, Sudan,0.507,65.1,7.7,3.7,3962,
ht,169, Haiti,0.503,63.7,9.5,5.4,1665,
af,170, Afghanistan,0.496,64.5,10.1,3.9,1746,
dj,171, Djibouti,0.495,66.6,6.5,4,3601,
mw,172, Malawi,0.485,63.8,11,4.6,1159,
et,173, Ethiopia,0.47,66.2,8.7,2.8,1782,
gm,174, Gambia,0.466,61.7,9.5,3.7,1490,
gn,174, Guinea,0.466,61.2,9,2.7,2211,
lr,176, Liberia,0.465,63.7,9.6,4.7,1040,
ye,177, Yemen,0.463,66.1,8.7,3.2,1433,
gw,178, Guinea-Bissau,0.461,58,10.5,3.3,1593,
cd,179, Congo (Democratic Republic of the),0.459,60.4,9.7,6.8,800,
mz,180, Mozambique,0.446,60.2,9.7,3.5,1154,
sl,181, Sierra Leone,0.438,54.3,10.2,3.6,1381,
bf,182, Burkina Faso,0.434,61.2,8.9,1.6,1705,
er,182, Eritrea,0.434,65.9,5,3.9,1708,
ml,184, Mali,0.427,58.9,7.6,2.4,1965,
bi,185, Burundi,0.423,61.2,11.3,3.1,660,
ss,186, South Sudan,0.413,57.6,5,4.8,1455,
td,187, Chad,0.401,54,7.5,2.4,1716,
cf,188, Central African Republic,0.381,52.8,7.6,4.3,777,
ne,189, Niger,0.377,62,6.5,2,912,
