ID, Name, OnePrice, Count, Price
1.0, Product_001, 9.82, 5.0, 
2.0, Product_002, 11.99, 4.0, 
3.0, Product_003, 9.62, 6.0, 
4.0, Product_004, 11.08, 8.0, 
5.0, Product_005, 7.75, 3.0, 
6.0, Product_006, 7.34, 4.0, 
7.0, Product_007, 10.97, 6.0, 
8.0, Product_008, 11.14, 7.0, 
9.0, Product_009, 8.98, 2.0, 
10.0, Product_010, 9.18, 3.0, 
11.0, Product_011, 8.31, 4.0, 
12.0, Product_012, 7.29, 9.0, 
13.0, Product_013, 8.36, 5.0, 
14.0, Product_014, 9.16, 6.0, 
15.0, Product_015, 10.31, 3.0, 
16.0, Product_016, 10.26, 6.0, 
17.0, Product_017, 11.95, 8.0, 
18.0, Product_018, 11.22, 2.0, 
19.0, Product_019, 10.95, 4.0, 
20.0, Product_020, 8.82, 6.0, 
